<?xml version="1.0" encoding="UTF-8"?>
<jcr:root xmlns:sling="http://sling.apache.org/jcr/sling/1.0" xmlns:cq="http://www.day.com/jcr/cq/1.0" xmlns:jcr="http://www.jcp.org/jcr/1.0" xmlns:mix="http://www.jcp.org/jcr/mix/1.0" xmlns:nt="http://www.jcp.org/jcr/nt/1.0" xmlns:rep="internal"
    jcr:mixinTypes="[rep:AccessControllable]"
    jcr:primaryType="cq:Page">
    <jcr:content
        cq:lastModified="{Date}2017-04-26T16:08:19.428-05:00"
        cq:lastModifiedBy="admin"
        cq:lastReplicated="{Date}2011-06-14T05:29:36.191-05:00"
        cq:lastReplicatedBy="admin"
        cq:lastReplicationAction="Activate"
        cq:template="/libs/wcm/core/templates/designpage"
        jcr:isCheckedOut="{Boolean}true"
        jcr:mixinTypes="[cq:ReplicationStatus,mix:versionable]"
        jcr:primaryType="nt:unstructured"
        jcr:title="AU Intranet Design"
        jcr:uuid="229cd377-90a0-46a5-9183-2ff4a9df608b"
        sling:resourceType="wcm/core/components/designer">
        <base jcr:primaryType="nt:unstructured">
            <contentpar
                jcr:lastModified="{Date}2012-08-25T06:52:18.541-05:00"
                jcr:lastModifiedBy="admin"
                jcr:primaryType="nt:unstructured"
                sling:resourceType="mcd/components/content/parsys"
                components="[/apps/mcd/components/content/calendarForRedesign,/apps/mcd/components/content/noticeboard,/apps/mcd/components/content/sitemap,/apps/mcd/components/content/parsys/colctrl,/apps/mcd/components/content/searchdmc,/apps/mcd/components/content/download,/apps/mcd/components/content/graphicalmenu,/apps/mcd/components/content/iframe,/apps/mcd/components/content/imageGallery,/libs/foundation/components/list,/apps/mcd/components/content/mcdlogo,/apps/mcd/components/content/pagecommenting,/apps/mcd/components/content/reference,/apps/mcd/components/content/tabbedcontentpanel,/libs/foundation/components/table,/apps/mcd/components/content/video-us,/apps/mcd/components/content/everything,/libs/foundation/components/form/address,/libs/foundation/components/form/checkbox,/libs/foundation/components/form/dropdown,/libs/foundation/components/form/start,/libs/foundation/components/form/imagebutton,/libs/foundation/components/form/radio,/libs/foundation/components/form/text,/apps/mcd/components/content/topNavMenu]">
                <section jcr:primaryType="nt:unstructured"/>
                <colctrl
                    jcr:primaryType="nt:unstructured"
                    sling:resourceType="mcd/components/content/parsys/colctrl"
                    layouts="2;cq-colctrl-lt0&#x9;2 Columns (50%, 50%)&#xd;&#xa;2;cq-colctrl-lt1&#x9;2 Columns (33%, 67%)&#xd;&#xa;3;cq-colctrl-lt2&#x9;3 Columns (33%, 33%, 34%)&#xd;&#xa;3;cq-colctrl-lt3&#x9;3 Columns (50%, 25%, 25%)&#xd;&#xa;2;cq-colctrl-lt6&#x9;2 Columns (67%, 33%)&#xd;&#xa;1;cq-colctrl-lt7&#x9;1 Column (100%)"/>
                <pagecommenting
                    jcr:lastModified="{Date}2011-06-14T05:25:49.168-05:00"
                    jcr:lastModifiedBy="admin"
                    jcr:primaryType="nt:unstructured"
                    sling:resourceType="mcd/components/content/pagecommenting"
                    comment_text="Add a Comment"
                    form_submit_text="Submit"
                    form_title="Add a Comment"
                    form_validation_msg="Please enter comments before submitting."
                    reply_text="Reply"
                    subscribe_confirm_text="User subscribed successfully."
                    subscribe_exception_text="User already subscribed."
                    subscribe_text="Subscribe to Comment"
                    unsubscribe_alert_text="Unsubscribed successfully."/>
            </contentpar>
            <leftnavpar
                jcr:primaryType="nt:unstructured"
                sling:resourceType="foundation/components/iparsys"
                components="/apps/mcd/components/content/leftnavigation">
                <section jcr:primaryType="nt:unstructured"/>
            </leftnavpar>
            <textimage
                jcr:primaryType="nt:unstructured"
                image_styles="image_left&#x9;Left Aligned&#xd;&#xa;image_right&#x9;Right Aligned&#xd;&#xa;image_top&#x9;Top Aligned&#xd;&#xa;image_bottom&#x9;Bottom Aligned&#xd;&#xa;image_left_inline&#x9;Inline with Title – Left Aligned&#xd;&#xa;image_right_inline&#x9;Inline with Title – Right Aligned"/>
            <breadcrumbpar
                jcr:lastModified="{Date}2011-08-12T17:42:13.799-05:00"
                jcr:lastModifiedBy="admin"
                jcr:primaryType="nt:unstructured"
                sling:resourceType="foundation/components/iparsys"
                components="/apps/mcd/components/content/breadcrumb">
                <section jcr:primaryType="nt:unstructured"/>
            </breadcrumbpar>
            <printpar
                jcr:primaryType="nt:unstructured"
                sling:resourceType="foundation/components/iparsys"
                components="/apps/mcd/components/content/printerfriendly">
                <section jcr:primaryType="nt:unstructured"/>
            </printpar>
            <footerpar
                jcr:lastModified="{Date}2010-08-20T10:27:37.303-05:00"
                jcr:lastModifiedBy="admin"
                jcr:primaryType="nt:unstructured"
                sling:resourceType="foundation/components/iparsys"
                components="/apps/mcd/components/content/footer">
                <section jcr:primaryType="nt:unstructured"/>
            </footerpar>
            <sitelevelproperties
                jcr:lastModified="{Date}2011-09-23T14:54:58.084-05:00"
                jcr:lastModifiedBy="e1152302"
                jcr:primaryType="nt:unstructured"
                sling:resourceType="mcd/components/content/sitelevelproperties"
                backgroundColumnctrl="sitecolor3"
                backgroundColumnctrlValue="yellow,yellow,yellow"
                checkColumnctrl="check"
                layouts="2;cq-colctrl-lt0&#x9;2 Columns (50%, 50%)&#xd;&#xa;2;cq-colctrl-lt1&#x9;2 Columns (33%, 67%)&#xd;&#xa;3;cq-colctrl-lt2&#x9;3 Columns (33%, 33%, 34%)&#xd;&#xa;3;cq-colctrl-lt3&#x9;3 Columns (50%, 25%, 25%)&#xd;&#xa;2;cq-colctrl-lt6&#x9;2 Columns (67%, 33%)&#xd;&#xa;1;cq-colctrl-lt7&#x9;1 Column (100%)"
                marginBottom="10"
                marginLeft="0"
                marginRight="0"
                marginTop="10"
                paddingBottom="11"
                paddingLeft="16"
                paddingRight="16"
                paddingTop="11"
                siteColors="fee191:ffc324:626262"
                siteRootLevel="3"
                size="[contact page pic|70,landing page leadership pic|200,33% Column|230,72% Column|375,67% Column|530,100% Column|800,homePage|290,70% Column|600,89% Column|550,75% Column|850]"
                view="[AU,ALL]"/>
            <sitefooter
                jcr:lastModified="{Date}2011-04-15T19:12:12.097-05:00"
                jcr:lastModifiedBy="admin"
                jcr:primaryType="nt:unstructured"
                sling:resourceType="mcd/components/content/sitefooter"
                bookMark="true"
                emailLink="true"
                getLink="true"
                pageInfo="[Last Modified\,cq:lastModified,Author\,authorName,Contact Email\,authorEmail]"
                printLink="true"
                size="0.25"
                timezone="US">
                <image
                    jcr:lastModified="{Date}2011-04-15T19:12:12.097-05:00"
                    jcr:lastModifiedBy="admin"
                    jcr:primaryType="nt:unstructured"
                    sling:resourceType="mcd/components/content/footer"
                    imageRotate="0"/>
            </sitefooter>
        </base>
        <homepage jcr:primaryType="nt:unstructured">
            <rightpar
                jcr:primaryType="nt:unstructured"
                sling:resourceType="foundation/components/iparsys"
                components="/apps/mcd/components/content/leftnavigation">
                <section jcr:primaryType="nt:unstructured"/>
            </rightpar>
        </homepage>
        <ga_dummy jcr:primaryType="nt:unstructured">
            <contentpar
                jcr:lastModified="{Date}2010-07-07T05:53:12.648-05:00"
                jcr:lastModifiedBy="admin"
                jcr:primaryType="nt:unstructured"
                sling:resourceType="foundation/components/parsys"
                components="group:mcd">
                <section jcr:primaryType="nt:unstructured"/>
            </contentpar>
        </ga_dummy>
        <g2g jcr:primaryType="nt:unstructured">
            <sitelevelproperties
                jcr:lastModified="{Date}2017-04-26T16:08:19.410-05:00"
                jcr:lastModifiedBy="admin"
                jcr:primaryType="nt:unstructured"
                sling:resourceType="mcd/components/content/sitelevelproperties"
                siteColors="6f7cb6"
                size="[text1|300x400,text2|400x500]"
                view="[AU,ENT,US,ALL,NZ]"/>
            <leftcontentpara
                jcr:lastModified="{Date}2012-04-25T09:27:07.286-05:00"
                jcr:lastModifiedBy="admin"
                jcr:primaryType="nt:unstructured"
                sling:resourceType="foundation/components/iparsys"
                components="group:Components">
                <section jcr:primaryType="nt:unstructured"/>
            </leftcontentpara>
            <searchpara
                jcr:lastModified="{Date}2011-11-07T03:15:37.984-06:00"
                jcr:lastModifiedBy="admin"
                jcr:primaryType="nt:unstructured"
                sling:resourceType="foundation/components/iparsys"
                components="[/libs/foundation/components/flash,/libs/foundation/components/image,/libs/foundation/components/textimage,/apps/mcd/components/content/breadcrumb,/apps/mcd/components/content/searchthissite,/apps/mcd/components/content/sitemap,/apps/mcd/components/content/topnavigation,/apps/mcd/components/content/parsys/colctrl,/libs/foundation/components/parsys/colctrl/virtual/2cols,group:Components,group:Form,/apps/mcd/components/content/awesomebar,/apps/mcd/components/content/topNavMenu]">
                <section jcr:primaryType="nt:unstructured"/>
            </searchpara>
            <maincontentpara
                jcr:lastModified="{Date}2014-08-11T02:26:51.115-05:00"
                jcr:lastModifiedBy="admin"
                jcr:primaryType="nt:unstructured"
                sling:resourceType="mcd/components/content/parsys"
                components="[group:Admin,/apps/mcd/components/content/parsys/colctrl,/libs/foundation/components/parsys/colctrl/virtual/2cols,/libs/foundation/components/parsys/colctrl/virtual/3cols,/libs/foundation/components/parsys/colctrl,/apps/mcd/components/content/accordion,/apps/mcd/components/content/searchdmc,/apps/mcd/components/content/download,/libs/foundation/components/flash,/apps/mcd/components/content/graphicalmenu,/apps/mcd/components/content/uploadHtml,/apps/mcd/components/content/iframe,/apps/mcd/components/content/imageGallery,/libs/foundation/components/list,/apps/mcd/components/content/mcdlogo,/apps/mcd/components/content/pagecommenting,/apps/mcd/components/content/reference,/apps/mcd/components/content/skipto,/apps/mcd/components/content/tabbedcontentpanel,/libs/foundation/components/table,/apps/mcd/components/content/video-us,/apps/mcd/components/content/worldClock,/apps/mcd/components/content/everything,/libs/foundation/components/account/accountname,/libs/foundation/components/form/address,/libs/foundation/components/form/captcha,/libs/foundation/components/form/checkbox,/libs/foundation/components/form/dropdown,/libs/foundation/components/form/upload,/libs/foundation/components/form/start,/libs/foundation/components/form/hidden,/libs/foundation/components/form/imagebutton,/libs/foundation/components/form/image,/libs/foundation/components/form/link,/libs/foundation/components/form/password,/libs/foundation/components/account/passwordreset,/libs/foundation/components/form/radio,/libs/foundation/components/form/submit,/libs/foundation/components/form/tags,/libs/foundation/components/form/text,/libs/cq/workflow/components/form/workflow_submit,group:mcd]">
                <section jcr:primaryType="nt:unstructured"/>
            </maincontentpara>
            <sitelogopara
                jcr:lastModified="{Date}2012-09-17T16:36:17.737-05:00"
                jcr:lastModifiedBy="e0102375"
                jcr:primaryType="nt:unstructured"
                sling:resourceType="foundation/components/iparsys"
                components="[/apps/mcd/components/content/breadcrumb,/apps/mcd/components/content/topnavigation,group:Columns,/apps/mcd/components/content/accordion,/apps/mcd/components/content/searchdmc,/apps/mcd/components/content/download,/apps/mcd/components/content/graphicalmenu,/apps/mcd/components/content/tabbedcontentpanel,/apps/mcd/components/content/video-us,/apps/mcd/components/content/everything]">
                <section jcr:primaryType="nt:unstructured"/>
            </sitelogopara>
            <breadcrumbpara
                jcr:lastModified="{Date}2012-09-17T16:43:42.043-05:00"
                jcr:lastModifiedBy="e0102375"
                jcr:primaryType="nt:unstructured"
                sling:resourceType="foundation/components/iparsys"
                components="/apps/mcd/components/content/topNavMenu">
                <section jcr:primaryType="nt:unstructured"/>
            </breadcrumbpara>
        </g2g>
    </jcr:content>
    <images/>
    <static.css/>
    <theme/>
    <Copy_x0020_of_x0020_static.css/>
    <rep:policy/>
</jcr:root>
