<?xml version="1.0" encoding="UTF-8"?>
<jcr:root xmlns:sling="http://sling.apache.org/jcr/sling/1.0" xmlns:cq="http://www.day.com/jcr/cq/1.0" xmlns:jcr="http://www.jcp.org/jcr/1.0" xmlns:mix="http://www.jcp.org/jcr/mix/1.0" xmlns:nt="http://www.jcp.org/jcr/nt/1.0" xmlns:rep="internal"
    jcr:mixinTypes="[mix:lockable,rep:AccessControllable]"
    jcr:primaryType="cq:Page">
    <jcr:content
        cq:lastModified="{Date}2010-07-07T05:18:02.881-05:00"
        cq:lastModifiedBy="admin"
        cq:lastReplicated="{Date}2010-06-25T10:54:06.143-05:00"
        cq:lastReplicatedBy="admin"
        cq:lastReplicationAction="Activate"
        cq:template="/libs/wcm/core/templates/designpage"
        jcr:isCheckedOut="{Boolean}true"
        jcr:mixinTypes="[mix:versionable]"
        jcr:primaryType="cq:PageContent"
        jcr:title="GA Design Page"
        jcr:uuid="561874d1-c771-4e1c-9399-30616542461d"
        sling:resourceType="wcm/core/components/designer">
        <ga_dummy jcr:primaryType="nt:unstructured">
            <contentpar
                jcr:lastModified="{Date}2010-06-25T06:39:39.700-05:00"
                jcr:lastModifiedBy="admin"
                jcr:primaryType="nt:unstructured"
                sling:resourceType="foundation/components/parsys"
                components="[/libs/foundation/components/textimage,/apps/mcd/components/content/accordion,/apps/mcd/components/content/iframe,/apps/mcd/components/content/imageGallery,/apps/mcd/components/content/skipto,/apps/mcd/components/content/tabbedcontentpanel,/apps/mcd/components/content/video-us,/apps/mcd/components/content/footer,/apps/mcd/components/content/leftnav,/apps/mcd/components/content/breadcrumb,/apps/mcd/components/content/printerfriendly,/apps/mcd/components/content/searchdmc, /apps/mcd/components/content/download,/libs/foundation/components/reference,/libs/foundation/components/sitemap,/libs/foundation/components/table,/libs/foundation/components/form/address,/libs/foundation/components/form/captcha, /libs/foundation/components/form/checkbox,/libs/foundation/components/form/dropdown,/libs/foundation/components/form/start,/libs/foundation/components/form/imagebutton,/libs/foundation/components/form/radio,/libs/foundation/components/form/text,/libs/foundation/components/list,/libs/foundation/components/flash]">
                <section
                    jcr:primaryType="nt:unstructured"
                    div.padding="10px 0 0 0"/>
                <tabbedcontentpanel jcr:primaryType="nt:unstructured">
                    <tabbedcontentpaneltabTitle0
                        jcr:lastModified="{Date}2010-07-07T05:17:27.665-05:00"
                        jcr:lastModifiedBy="admin"
                        jcr:primaryType="nt:unstructured"
                        sling:resourceType="foundation/components/parsys"
                        components="[/libs/foundation/components/textimage,group:mcd]">
                        <section jcr:primaryType="nt:unstructured"/>
                    </tabbedcontentpaneltabTitle0>
                    <tabbedcontentpaneltabTitle1
                        jcr:lastModified="{Date}2010-07-07T05:17:47.301-05:00"
                        jcr:lastModifiedBy="admin"
                        jcr:primaryType="nt:unstructured"
                        sling:resourceType="foundation/components/parsys"
                        components="[/libs/foundation/components/text,/libs/foundation/components/textimage,/libs/foundation/components/title,group:mcd]">
                        <section jcr:primaryType="nt:unstructured"/>
                    </tabbedcontentpaneltabTitle1>
                    <tabbedcontentpaneltabTitle2
                        jcr:lastModified="{Date}2010-07-07T05:18:02.880-05:00"
                        jcr:lastModifiedBy="admin"
                        jcr:primaryType="nt:unstructured"
                        sling:resourceType="foundation/components/parsys"
                        components="[/libs/foundation/components/textimage,group:mcd]">
                        <section jcr:primaryType="nt:unstructured"/>
                    </tabbedcontentpaneltabTitle2>
                    <tabbedcontentpaneltabTitle3
                        jcr:lastModified="{Date}2010-07-07T04:32:36.695-05:00"
                        jcr:lastModifiedBy="admin"
                        jcr:primaryType="nt:unstructured"
                        sling:resourceType="foundation/components/parsys"
                        components="[/libs/foundation/components/textimage,group:mcd]">
                        <section jcr:primaryType="nt:unstructured"/>
                    </tabbedcontentpaneltabTitle3>
                    <tabbedcontentpaneltabTitle4
                        jcr:lastModified="{Date}2010-06-25T09:45:43.762-05:00"
                        jcr:lastModifiedBy="admin"
                        jcr:primaryType="nt:unstructured"
                        sling:resourceType="foundation/components/parsys"
                        components="/libs/foundation/components/textimage">
                        <section jcr:primaryType="nt:unstructured"/>
                    </tabbedcontentpaneltabTitle4>
                </tabbedcontentpanel>
            </contentpar>
        </ga_dummy>
    </jcr:content>
    <static.css/>
    <rep:policy/>
</jcr:root>
