<?xml version="1.0" encoding="UTF-8"?>
<jcr:root xmlns:sling="http://sling.apache.org/jcr/sling/1.0" xmlns:cq="http://www.day.com/jcr/cq/1.0" xmlns:jcr="http://www.jcp.org/jcr/1.0" xmlns:mix="http://www.jcp.org/jcr/mix/1.0" xmlns:nt="http://www.jcp.org/jcr/nt/1.0" xmlns:rep="internal"
    jcr:mixinTypes="[rep:AccessControllable]"
    jcr:primaryType="cq:Page">
    <jcr:content
        cq:lastModified="{Date}2011-08-12T16:39:34.296-05:00"
        cq:lastModifiedBy="admin"
        cq:lastReplicated="{Date}2011-06-03T06:19:38.593-05:00"
        cq:lastReplicatedBy="admin"
        cq:lastReplicationAction="Activate"
        cq:template="/libs/wcm/core/templates/designpage"
        jcr:isCheckedOut="{Boolean}true"
        jcr:mixinTypes="[cq:ReplicationStatus,mix:versionable]"
        jcr:primaryType="nt:unstructured"
        jcr:title="AU Intranet Design"
        jcr:uuid="c172058a-cab0-4daa-90bf-7661876c4621"
        sling:resourceType="wcm/core/components/designer">
        <base jcr:primaryType="nt:unstructured">
            <contentpar
                jcr:lastModified="{Date}2011-08-12T16:39:34.276-05:00"
                jcr:lastModifiedBy="admin"
                jcr:primaryType="nt:unstructured"
                sling:resourceType="mcd/components/content/parsys"
                components="[/libs/foundation/components/sitemap,/apps/mcd/components/content/textimage,/apps/mcd/components/content/video,/apps/mcd/components/content/calendarForRedesign,/apps/mcd/components/content/noticeboard,/apps/mcd/components/content/sitemap,/apps/mcd/components/content/parsys/colctrl,/apps/mcd/components/content/searchdmc,/apps/mcd/components/content/download,/apps/mcd/components/content/graphicalmenu,/apps/mcd/components/content/imageGallery,/libs/foundation/components/list,/apps/mcd/components/content/pagecommenting,/apps/mcd/components/content/reference,/apps/mcd/components/content/skipto,/apps/mcd/components/content/tabbedcontentpanel,/libs/foundation/components/table,/apps/mcd/components/content/video-us,/apps/mcd/components/content/everything,/libs/foundation/components/form/address,/libs/foundation/components/form/checkbox,/libs/foundation/components/form/dropdown,/libs/foundation/components/form/start,/libs/foundation/components/form/imagebutton,/libs/foundation/components/form/radio,/libs/foundation/components/form/text,/apps/mcd/components/content/calendar,/apps/mcd/components/content/welcome]">
                <section jcr:primaryType="nt:unstructured"/>
                <colctrl
                    jcr:primaryType="nt:unstructured"
                    sling:resourceType="mcd/components/content/parsys/colctrl"
                    layouts="2;cq-colctrl-lt0&#x9;2 Columns (50%, 50%)&#xd;&#xa;2;cq-colctrl-lt1&#x9;2 Columns (33%, 67%)&#xd;&#xa;3;cq-colctrl-lt2&#x9;3 Columns (33%, 33%, 34%)&#xd;&#xa;3;cq-colctrl-lt3&#x9;3 Columns (50%, 25%, 25%)&#xd;&#xa;2;cq-colctrl-lt6&#x9;2 Columns (67%, 33%)&#xd;&#xa;1;cq-colctrl-lt7&#x9;1 Column (100%)"/>
            </contentpar>
            <leftnavpar
                jcr:primaryType="nt:unstructured"
                sling:resourceType="foundation/components/iparsys"
                components="/apps/mcd/components/content/leftnavigation">
                <section jcr:primaryType="nt:unstructured"/>
            </leftnavpar>
            <textimage
                jcr:primaryType="nt:unstructured"
                image_styles="image_left&#x9;Left Aligned&#xd;&#xa;image_right&#x9;Right Aligned&#xd;&#xa;image_top&#x9;Top Aligned&#xd;&#xa;image_bottom&#x9;Bottom Aligned&#xd;&#xa;image_left_inline&#x9;Inline with Title – Left Aligned&#xd;&#xa;image_right_inline&#x9;Inline with Title – Right Aligned"/>
            <breadcrumbpar
                jcr:primaryType="nt:unstructured"
                sling:resourceType="foundation/components/iparsys"
                components="/apps/mcd/components/content/breadcrumb">
                <section jcr:primaryType="nt:unstructured"/>
            </breadcrumbpar>
            <printpar
                jcr:primaryType="nt:unstructured"
                sling:resourceType="foundation/components/iparsys"
                components="/apps/mcd/components/content/printerfriendly">
                <section jcr:primaryType="nt:unstructured"/>
            </printpar>
            <footerpar
                jcr:primaryType="nt:unstructured"
                sling:resourceType="foundation/components/iparsys"
                components="[/apps/mcd/components/content/footer,/apps/mcd/components/content/textimage]">
                <section jcr:primaryType="nt:unstructured"/>
            </footerpar>
            <sitelevelproperties
                jcr:lastModified="{Date}2010-12-18T02:05:43.599-06:00"
                jcr:lastModifiedBy="e0055372"
                jcr:primaryType="nt:unstructured"
                sling:resourceType="mcd/components/content/sitelevelproperties"
                backgroundColumnctrl="yellow"
                backgroundColumnctrlValue="yellow,yellow,yellow"
                checkColumnctrl="check"
                paddingBottom="10"
                paddingTop="10"
                siteRootLevel="3"
                size="[contact page pic|75,landing page leadership pic|200,33% Column|230,50% Column|375,67% Column|515,100% Column|800,homePage|290,70% Column|600,65% Column|550]"
                view="[AU,ENT,US,NZ]"/>
        </base>
        <homepage jcr:primaryType="nt:unstructured">
            <rightpar
                jcr:primaryType="nt:unstructured"
                sling:resourceType="foundation/components/iparsys"
                components="/apps/mcd/components/content/leftnavigation">
                <section jcr:primaryType="nt:unstructured"/>
            </rightpar>
        </homepage>
        <ga_dummy jcr:primaryType="nt:unstructured">
            <contentpar
                jcr:lastModified="{Date}2010-07-07T05:53:12.648-05:00"
                jcr:lastModifiedBy="admin"
                jcr:primaryType="nt:unstructured"
                sling:resourceType="foundation/components/parsys"
                components="group:mcd">
                <section jcr:primaryType="nt:unstructured"/>
            </contentpar>
        </ga_dummy>
    </jcr:content>
    <images/>
    <static.css/>
    <theme/>
    <Copy_x0020_of_x0020_static.css/>
    <rep:policy/>
</jcr:root>
