<?xml version="1.0" encoding="UTF-8"?>
<jcr:root xmlns:sling="http://sling.apache.org/jcr/sling/1.0" xmlns:cq="http://www.day.com/jcr/cq/1.0" xmlns:jcr="http://www.jcp.org/jcr/1.0" xmlns:mix="http://www.jcp.org/jcr/mix/1.0" xmlns:nt="http://www.jcp.org/jcr/nt/1.0"
    jcr:mixinTypes="[mix:lockable]"
    jcr:primaryType="cq:Page">
    <jcr:content
        cq:lastModified="{Date}2015-07-20T05:31:13.282-05:00"
        cq:lastModifiedBy="admin"
        cq:lastReplicated="{Date}2013-12-31T01:35:09.356-06:00"
        cq:lastReplicatedBy="admin"
        cq:lastReplicationAction="Activate"
        cq:template="/libs/wcm/core/templates/designpage"
        jcr:isCheckedOut="{Boolean}true"
        jcr:mixinTypes="[mix:versionable]"
        jcr:primaryType="cq:PageContent"
        jcr:title="US_green"
        jcr:uuid="bf1fad98-1b99-4435-999b-0771ee2bcf9c"
        sling:resourceType="wcm/core/components/designer">
        <g2g jcr:primaryType="nt:unstructured">
            <topnavpar
                jcr:lastModified="{Date}2010-08-04T05:46:18.674-05:00"
                jcr:lastModifiedBy="admin"
                jcr:primaryType="nt:unstructured"
                sling:resourceType="foundation/components/iparsys"
                components="/apps/mcd/components/content/g2g/topnavigation">
                <section jcr:primaryType="nt:unstructured"/>
            </topnavpar>
            <leftnavpara
                jcr:lastModified="{Date}2014-08-11T02:01:29.035-05:00"
                jcr:lastModifiedBy="admin"
                jcr:primaryType="nt:unstructured"
                sling:resourceType="foundation/components/iparsys">
                <section jcr:primaryType="nt:unstructured"/>
            </leftnavpara>
            <sitelevelproperties
                jcr:lastModified="{Date}2012-11-08T13:40:20.573-06:00"
                jcr:lastModifiedBy="e1116446"
                jcr:primaryType="nt:unstructured"
                sling:resourceType="mcd/components/content/sitelevelproperties"
                backgroundColumnctrl="sitecolor2"
                layouts="1;cq-colctrl-lt7&#x9;1 Column (100%)&#xd;&#xa;2;cq-colctrl-lt0&#x9;2 Columns (50%, 50%) &#xd;&#xa;2;cq-colctrl-lt1&#x9;2 Columns (33%, 67%) &#xd;&#xa;2;cq-colctrl-lt6&#x9;2 Columns (67%, 33%)&#xd;&#xa;3;cq-colctrl-lt2&#x9;3 Columns (33%, 33%, 34%) &#xd;&#xa;3;cq-colctrl-lt3&#x9;3 Columns (50%, 25%, 25%)&#xd;&#xa;4;cq-colctrl-lt4&#x9;4 Columns (25%, 25%, 25%, 25%)&#xd;&#xa;3;cq-colctrl-lt8&#x9;3 Columns (30%, 40%, 30%)"
                marginBottom="0"
                siteColors="a6a93a:a9a7ab:e5e5e5:f4f4f6"
                siteRootLevel="1"
                view="[ENT,US,ALL]"/>
            <sitefooter
                jcr:lastModified="{Date}2013-12-31T01:12:42.889-06:00"
                jcr:lastModifiedBy="admin"
                jcr:primaryType="nt:unstructured"
                sling:resourceType="mcd/components/content/sitefooter"
                bookMark="true"
                copyMessage="2015 © McDonald's Corporation"
                emailLink="true"
                getLink="true"
                pageInfo="[Last Modified\,cq:lastModified,Author\,authorName,Contact Email\,authorEmail,Copyright]"
                printLink="true"
                size="1.0"
                timezone="US">
                <image
                    jcr:lastModified="{Date}2013-12-31T01:12:42.889-06:00"
                    jcr:lastModifiedBy="admin"
                    jcr:primaryType="nt:unstructured"
                    sling:resourceType="mcd/components/content/footer"
                    imageRotate="0"/>
            </sitefooter>
            <sitelogopara
                jcr:lastModified="{Date}2011-07-12T07:03:24.774-05:00"
                jcr:lastModifiedBy="admin"
                jcr:primaryType="nt:unstructured"
                sling:resourceType="foundation/components/iparsys"
                components="/apps/mcd/components/content/mcdlogo">
                <section jcr:primaryType="nt:unstructured"/>
                <logo
                    jcr:lastModified="{Date}2010-08-19T14:39:05.775-05:00"
                    jcr:lastModifiedBy="admin"
                    jcr:primaryType="nt:unstructured"
                    sling:resourceType="foundation/components/logo"
                    imageCrop="0,0,276,116"
                    imageReference="/content/dam/geometrixx/portraits/kellie snyder.jpg"
                    imageRotate="0"
                    maxWidth="165"/>
            </sitelogopara>
            <maincontentpara
                jcr:lastModified="{Date}2015-07-20T05:31:13.268-05:00"
                jcr:lastModifiedBy="admin"
                jcr:primaryType="nt:unstructured"
                sling:resourceType="mcd/components/content/parsys"
                components="[/apps/mcd/components/content/survey,/apps/mcd/components/content/sitemap,/apps/mcd/components/content/parsys/colctrl,/apps/mcd/components/content/accordion,/apps/mcd/components/content/searchdmc,/apps/mcd/components/content/download,/libs/foundation/components/flash,/apps/mcd/components/content/uploadHtml,/apps/mcd/components/content/iframe,/apps/mcd/components/content/imageGallery,/apps/mcd/components/content/like,/libs/foundation/components/list,/apps/mcd/components/content/mcdlogo,/apps/mcd/components/content/pagecommenting,/apps/mcd/components/content/reference,/apps/mcd/components/content/skipto,/apps/mcd/components/content/tabbedcontentpanel,/libs/foundation/components/table,/apps/mcd/components/content/flowPlayer,/apps/mcd/components/content/everything,/libs/foundation/components/form/address,/libs/foundation/components/form/checkbox,/libs/foundation/components/form/dropdown,/libs/foundation/components/form/start,/libs/foundation/components/form/imagebutton,/libs/foundation/components/form/radio,/libs/foundation/components/form/text]">
                <section jcr:primaryType="nt:unstructured"/>
            </maincontentpara>
            <leftcontentpara
                jcr:lastModified="{Date}2013-05-02T06:39:22.222-05:00"
                jcr:lastModifiedBy="admin"
                jcr:primaryType="nt:unstructured"
                sling:resourceType="foundation/components/iparsys"
                components="[/apps/mcd/components/content/QuickPoll,/apps/mcd/components/content/sitemap,/apps/mcd/components/content/parsys/colctrl,/apps/mcd/components/content/accordion,/apps/mcd/components/content/searchdmc,/apps/mcd/components/content/download,/apps/mcd/components/content/graphicalmenu,/apps/mcd/components/content/iframe,/apps/mcd/components/content/imageGallery,/libs/foundation/components/list,/apps/mcd/components/content/mcdlogo,/apps/mcd/components/content/pagecommenting,/apps/mcd/components/content/reference,/apps/mcd/components/content/skipto,/apps/mcd/components/content/tabbedcontentpanel,/libs/foundation/components/table,/apps/mcd/components/content/video-us,/apps/mcd/components/content/everything,/libs/foundation/components/form/address,/libs/foundation/components/form/checkbox,/libs/foundation/components/form/dropdown,/libs/foundation/components/form/start,/libs/foundation/components/form/imagebutton,/libs/foundation/components/form/radio,/libs/foundation/components/form/text]">
                <section jcr:primaryType="nt:unstructured"/>
            </leftcontentpara>
            <breadcrumbpara
                jcr:lastModified="{Date}2014-02-28T09:46:58.646-06:00"
                jcr:lastModifiedBy="e0019657"
                jcr:primaryType="nt:unstructured"
                sling:resourceType="foundation/components/iparsys"
                components="[/apps/mcd/components/content/breadcrumb,/apps/mcd/components/content/topnavigation,/apps/mcd/components/content/everything]">
                <section jcr:primaryType="nt:unstructured"/>
            </breadcrumbpara>
            <topnavpara
                jcr:lastModified="{Date}2012-06-11T16:35:52.543-05:00"
                jcr:lastModifiedBy="admin"
                jcr:primaryType="nt:unstructured"
                sling:resourceType="foundation/components/iparsys"
                components="/apps/mcd/components/content/topnavigation">
                <section jcr:primaryType="nt:unstructured"/>
            </topnavpara>
            <rightcontentpara
                jcr:lastModified="{Date}2012-06-11T17:38:39.075-05:00"
                jcr:lastModifiedBy="admin"
                jcr:primaryType="nt:unstructured"
                sling:resourceType="foundation/components/iparsys"
                components="[/apps/mcd/components/content/sitemap,/apps/mcd/components/content/parsys/colctrl,/apps/mcd/components/content/accordion,/apps/mcd/components/content/searchdmc,/apps/mcd/components/content/download,/apps/mcd/components/content/iframe,/libs/foundation/components/list,/apps/mcd/components/content/pagecommenting,/apps/mcd/components/content/reference,/apps/mcd/components/content/skipto,/apps/mcd/components/content/tabbedcontentpanel,/libs/foundation/components/table,/apps/mcd/components/content/video-us,/apps/mcd/components/content/everything]">
                <section jcr:primaryType="nt:unstructured"/>
            </rightcontentpara>
        </g2g>
    </jcr:content>
    <theme/>
    <images/>
    <static_old.css/>
    <clientlib/>
</jcr:root>
